First Last,First,Last,Company,Domain
Funlayo Alabi,Funlayo,Alabi,"Agrobotanicals, LLC",www.shearadiance.com
Stacy Cohen Struminger,Stacy,Struminger,"Rain Raps, LLC",www.rainraps.com
Hyungsoo Kim,Hyungsoo,Kim,Eone,www.eone-time.com
Anish Patel,Anish,Patel,Tinto Amorío,www.drinktinto.com
Carl Cunow,Carl,Cunow,Onia,www.onia.com
Joanne Cloak,Joanne,Cloak,"Jofit, Llc",www.jofit.com
Michael Oyer,Michael,Oyer,Frog Hollow Farm,www.froghollow.com
Jeanine Wolthuis,Jeanine,Wolthuis,"INDISHA, pure cosmetics & co",www.indisha.nl
Steve Acree,Steve,Acree,Seismic Audio,www.seismicaudiospeakers.com
Austin Austin Elliot,Austin,Elliot,Free Fly Apparel,www.freeflyapparel.com
David Ericsson,David,Ericsson,VOID Watches LTD,www.voidwatches.com
Jennifer Kirk,Jennifer,Kirk,Posh Puppy Boutique,www.poshpuppyboutique.com
Carrie Morey,Carrie,Morey,Callies Charleston Biscuits LLC,www.calliesbiscuits.com
Stefan Holwe,Stefan,Holwe,Horizn Studios GmbH,www.horizn-studios.com
Horst Rechelbacher,Horst,Rechelbacher,"Intelligent Nutrients, Inc.",www.intelligentnutrients.com
Boris Vaisman,Boris,Vaisman,Soxy.com,www.soxy.com
Madeline Alcott,Madeline,Alcott,Petit Vour,www.petitvour.com
Alexis Ziering,Alexis,Ziering,Cult Gaia,www.cultgaia.com
Gary Finder,Gary,Finder,Jamie Young Co,www.jamieyoung.com
Teresa Atwood,,,Herbal Magic,www.herbalmagic.ca
