First Last,First,Last,Company,Domain
Paul Engler,Paul,Engler,"Temple St. Clair, Llc",www.templestclair.com
Murry Penner,Murry,Penner,M Penner,www.mpenner.com
Bodyfx Nz,Bodyfx,Nz,BodyFX,www.bodyfx.co.nz
Jo Naughton,Jo,Naughton,Lights4fun,www.lights4fun.co.uk
Michael Whiteley,Michael,Whiteley,Bear Butt,www.bearbuttteam.com
Wendy Strgar,Wendy,Strgar,"Good Clean Love, Inc.",www.goodcleanlove.com
Steve Sando,Steve,Sando,Rancho Gordo Inc.,www.ranchogordo.com
Chase Heard,Chase,Heard,"Heard Design, LLC",www.howlerbros.com
Taza Chocolate,Taza,Chocolate,Taza Chocolate,www.tazachocolate.com
Jevan Lautz,Jevan,Lautz,Tanner Goods,www.tannergoods.com
Rose Marie Swift,Rose,Swift,rms beauty,www.rmsbeauty.com
Nu Bounsom,Nu,Bounsom,nubounsom,www.nubounsom.com
Andrew Bleecher,Andrew,Bleecher,San Diego Hat Company,www.sandiegohat.com
Rahul Koul,Rahul,Koul,Sundari LLC,www.sundari.com
Kim Ormsby,Kim,Ormsby,"The Natural Baby Company, LLC",www.thenaturalbabyco.com
Ashok Dias,Ashok,Dias,Tea Drop P/L,www.teadrop.com.au
Kim Horton,Kim,Horton,Equus England,www.equus.co.uk
Timm Smith,Timm,Smith,Voormi,www.voormi.com
Neil Madden,Neil,Madden,ECS Coffee Inc,www.ecscoffee.com
Samantha Abrams,,,"Emmy's Organics, Inc.",www.emmysorganics.com
