First Last,First,Last,Company,Domain
Steve Lake,Steve,Lake,Sector 9 Inc.,www.sector9.com
Brad Day,Brad,Day,"HELM Boots, Inc.",www.helmboots.com
Tremayne Joyner,Tremayne,Joyner,Chicago French Press,www.chicagofrenchpress.com
Elizabeth Alarik,Elizabeth,Alarik,"Grunt Style, Llc",www.gruntstyle.com
Charles Friedman,Charles,Friedman,Lifethereal LLC,www.flowfold.com
Akbar Chisti,Akbar,Chisti,Seamus Golf Llc,www.seamusgolf.com
Jamie Grobecker,Jamie,Grobecker,Sugar Paper,www.sugarpaper.com
Elizabeth Gazda,Elizabeth,Gazda,Embr Labs Inc.,www.embrlabs.com
Augustus Wiesel,Augustus,Wiesel,MFI Medical Equipment,www.mfimedical.com
Jeffrey Johnson,Jeffrey,Johnson,The Arrivals NYC,www.thearrivals.com
Naomi Wagner,Naomi,Wagner,Bonehead Composites,www.boneheadcomposites.com
Randy Buresh,Randy,Buresh,Oregon's Wild Harvest,www.oregonswildharvest.com
Bill Romanowski,Bill,Romanowski,"Nutrition53, Inc.",www.nutrition53.com
Fred Magnanimi,Fred,Magnanimi,"Luca + Danni, Inc.",www.lucadanni.com
Geraldine Byrne,Geraldine,Byrne,La Belle Perfume Distributors,www.labelleperfumes.com
Susan Geddie O'brien,Susan,O'brien,"Hail Merry, LLC",www.hailmerry.com
Scot Tatelman,Scot,Tatelman,STATE Bags,www.statebags.com
Jenni Bick,Jenni,Bick,Jenni Bick Bookbinding,www.jennibick.com
Allison Calder,Allison,Calder,Anson Calder,www.ansoncalder.com
Gabe Klemm,,,"Sweets Kendamas, LLC",www.sweetskendamas.com
