First Last,First,Last,Company,Domain
Penny Pappaioannou,Penny,Pappaioannou,La Belle Perfume Distributors,www.labelleperfumes.com
Michael Mcclane,Michael,Mcclane,Kaged Muscle,www.kagedmuscle.com
Victor Davanzo,Victor,Davanzo,RSP Nutrition,www.rspnutrition.com
Wesley Laporte,Wesley,Laporte,PhoneSoap,www.phonesoap.com
Galit Hadari Laibow,Galit,Laibow,"Foodstirs, LLC",www.foodstirs.com
Bill Boone Bryant,Bill,Bryant,Biltwell Inc,www.biltwellinc.com
Graham Orriss,Graham,Orriss,Smith & Vandiver Corporation,www.svnaturally.com
Cynthia Rowley,Cynthia,Rowley,Cynthia Rowley,www.cynthiarowley.com
Umaimah Ali Mendhro,Umaimah,Mendhro,VIDA & Co.,www.shopvida.com
Aaron Lavee,Aaron,Lavee,John Elliott,www.johnelliott.co
Camilla Bradley,Camilla,Bradley,CK Bradley,www.ckbradley.com
Stuart Beck,Stuart,Beck,Freeland Foods | Go Raw,www.goraw.com
Mathew Gerson,Mathew,Gerson,Aphrodite Group,www.foriapleasure.com
Kay Cortese,Kay,Cortese,Back to the Roots,www.backtotheroots.com
Kathleen Fulton,Kathleen,Fulton,Taza Chocolate,www.tazachocolate.com
Karen Bell,Karen,Bell,"K.B. Socks, Inc.",www.kbellsocks.com
Mugs Mcguinness,Mugs,Mcguinness,Opkix,www.opkix.com
Beth Bewley,Beth,Bewley,Eufora International,www.eufora.net
Austin Stoffers,Austin,Stoffers,Pure Cycles,www.purecycles.com
Carmin Gabrielle Black,,,Half United,www.halfunited.com
