First Last,First,Last,Company,Domain
Benten Kieffner,Benten,Kieffner,Flow397,www.wildtribute.com
Debra Sterling,Debra,Sterling,"GoldieBlox, Inc.",www.goldieblox.com
Mark Richard Mastalir,Mark,Mastalir,Halo Neuro Inc.,www.haloneuro.com
Jeff Ballus,Jeff,Ballus,Sift Dessert Bar,www.siftdessertbar.com
Steve Hanson,Steve,Hanson,Oreck Clean Home Center,www.oreck.com
Gary Kanning,Gary,Kanning,420 Science,www.420science.com
Brian Berger,Brian,Berger,"Mack Weldon, Inc.",www.mackweldon.com
Kristin Mcclement Langenfeld,Kristin,Langenfeld,Good Buy Gear,www.goodbuygear.com
Douglas Giampapa,Douglas,Giampapa,Healthycell,www.healthycell.com
Tyler Malek,Tyler,Malek,Salt & Straw Inc,www.saltandstraw.com
Barbara Wilkinson,Barbara,Wilkinson,Abbey Glass,www.abbey-glass.com
Corey Diener,Corey,Diener,Eugenia Kim,www.eugeniakim.com
Greg Mcevilly,Greg,Mcevilly,"Kammok Gear, LLC",www.kammok.com
Ruthy Emsallem,Ruthy,Emsallem,Sister Sam LLC,www.bailey44.com
Robert Wade Lohman,Robert,Lohman,Groceries Apparel,www.groceriesapparel.com
Natalia Tovar,Natalia,Tovar,Bocce's Bakery,www.boccesbakery.com
Jessy Dover,Jessy,Dover,18th and Walnut LLC,www.dagnedover.com
Brian Chung,Brian,Chung,O.N.S Clothing,www.onsclothing.com
Patricia Tsai,Patricia,Tsai,ChocoVivo,www.chocovivo.com
Rory Walsh,,,Simplistic,www.simplistic.com
