First Last,First,Last,Company,Domain
Trent Allen Doney,Trent,Doney,Particular Paws,www.particularpaws.com
Michael Citrone,Michael,Citrone,Global Fitness Inc,www.globalfitness.com
Brad Farrell,Brad,Farrell,Beekman 1802,www.beekman1802.com
Anna Ruth Stork,Anna,Stork,Luminaid Lab Llc,www.luminaid.com
Chavo Killingsworth,Chavo,Killingsworth,Good American,www.goodamerican.com
Ezra Karako,Ezra,Karako,Karako Suits,www.karakosuits.com
Randy Largent,Randy,Largent,"EFX Performance, Inc",www.efxusa.com
Amie Hansen,Amie,Hansen,"Luca + Danni, Inc.",www.lucadanni.com
Jim Weber,Jim,Weber,Ohio Mulch,www.ohiomulch.com
Mark Boerner,Mark,Boerner,Swims As,www.swims.com
Stephen Svajian,Stephen,Svajian,"Anova Applied Electronics, Inc.",www.anovaculinary.com
Jeremy Oster,Jeremy,Oster,Oster Jewelers,www.osterjewelers.com
Bryan Crisfield,Bryan,Crisfield,Crislu Corp.,www.crislu.com
Khajak Keledjian,Khajak,Keledjian,INSCAPE: Guided Meditation & Relaxation,www.inscape.life
Hiral Sanghavi,Hiral,Sanghavi,Baubax Llc,www.baubax.com
Suzanne Saltzman Ginestro,Suzanne,Ginestro,Califia Farms LP,www.califiafarms.com
Ido Leffler,Ido,Leffler,Yoobi,www.yoobi.com
Tim Kennedy,Tim,Kennedy,Sheepdog Response,www.sheepdogresponse.com
Andrew Payne,Andrew,Payne,General Knot & Co.,www.generalknot.com
Jean Poh,,,Swoonery,www.swoonery.com
