First Last,First,Last,Company,Domain
Kate Mckenzie Mcharg,Kate,Mcharg,776 Bc,www.776bc.com
Jolie Weber,Jolie,Weber,Lenny & Larry's,www.lennylarry.com
Nichole Radzely,Nichole,Radzely,Doddle & Co,www.doddleandco.com
Bruce Alan Majors,Bruce,Majors,Grand Trunk,www.grandtrunk.com
Clint Rattan,Clint,Rattan,BodyFX,www.bodyfx.co.nz
Andrew Redvanly,Andrew,Redvanly,Redvanly,www.redvanly.com
Pauline Youngblood,Pauline,Youngblood,Youngblood Mineral Cosmetics,www.ybskin.com
Keith Peterson,Keith,Peterson,Splits59,www.splits59.com
Jessica Iclisoy,Jessica,Iclisoy,"California Baby, Inc.",www.californiababy.com
Derek Curry,Derek,Curry,Sneaker Politics LLC,www.sneakerpolitics.com
Cait Bannon,Cait,Bannon,"DIANI, Inc",www.dianiboutique.com
Kate Boyer,Kate,Boyer,Anatomie Corporation,www.anatomie.com
Joanna Elisabeth Mariani,Joanna,Mariani,Swiftwick,www.swiftwick.com
Mark Mastalir,Mark,Mastalir,Halo Neuro Inc.,www.haloneuro.com
Arnie Banker,Arnie,Banker,"Peaceful Valley Farm Supply, Inc",www.groworganic.com
Albert Garcia,Albert,Garcia,Designer Eyes,www.designereyes.com
Jenna Fox,Jenna,Fox,Agnes & Dora,www.agnesanddora.com
Ryan Rubiano,Ryan,Rubiano,Virus Action Sports Performance,www.virusintl.com
Adam Bennett,Adam,Bennett,"Alice Lane Home Collection, Llc",www.alicelanehome.com
Mike Cangi,,,United By Blue Walnut Street LLC,www.unitedbyblue.com
