First Last,First,Last,Company,Domain
Ronnie Coleman,Ronnie,Coleman,Ronnie Coleman Signature Series,www.ronniecoleman.net
Johnny Burns,Johnny,Burns,"Moji, Inc.",www.gomoji.com
Lisa Dimaggio,Lisa,Dimaggio,"Glitzy Girlz, Llc",www.glitzygirlzboutique.com
Joe Fleming,Joe,Fleming,Vive Health Llc,www.vivehealth.com
Bayah Hendricks,Bayah,Hendricks,Rockstar,www.rockstaroriginal.com
Kerrilynn Pamer,Kerrilynn,Pamer,CAP Beauty,www.capbeauty.com
Todd Berger,Todd,Berger,Tse,www.tsecashmere.com
Karen Guidice,Karen,Guidice,Chugwater Chili Corp,www.chugwaterchili.com
Frederick Chaleff,Frederick,Chaleff,"Scimera Bioscience, Llc",www.scimera.com
John Flores,John,Flores,Pin Up Girl Inc.,www.pinupgirlclothing.com
Bret Milner,Bret,Milner,"Epoch Eyewear, Llc (Milner Sports, Llc)",www.epocheyewear.com
Kevin Peake,Kevin,Peake,Next Health,www.next-health.com
John Sun,John,Sun,Sunny Health and Fitness,www.sunnyhealthfitness.com
Don Croutch,Don,Croutch,Lenny & Larry's,www.lennylarry.com
Ilan Sherman,Ilan,Sherman,Salonwear Direct,www.salonweardirect.co.uk
Metta Murdaya,Metta,Murdaya,juara skincare,www.juaraskincare.com
Sue Katz,Sue,Katz,"Amazing Concealer Cosmetics, Inc.",www.amazingcosmetics.com
Erica Cocilova,Erica,Cocilova,Briogeo,www.briogeohair.com
Rick Farone,Rick,Farone,Guardian Technologies LLC,www.guardiantechnologies.com
Leah Yari,,,"Cote, Llc",www.coteshop.co
