First Last,First,Last,Company,Domain
Joey Pauline,Joey,Pauline,The Laundry Room,www.tlroom.com
Matthew Smith,Matthew,Smith,Embr Labs Inc.,www.embrlabs.com
Kyle Campbell Parsons,Kyle,Parsons,"Indosole, LLC",www.indosole.com
Matthew Culmo,Matthew,Culmo,By George,www.bygeorgeaustin.com
Lindsey Wright Lamoureux,Lindsey,Lamoureux,West Of Camden,www.westofcamden.com
Tj Callaway,Tj,Callaway,Onward Reserve,www.onwardreserve.com
Roger Moore,Roger,Moore,Pura Stainless LLC,www.purastainless.com
Frederic Walme,Frederic,Walme,Fun Factory Usa Inc,www.funfactory.com
Adam Sidney,Adam,Sidney,Myles Apparel Llc,www.mylesapparel.com
Brian Bloom,Brian,Bloom,"Monica & Andy, Inc.",www.monicaandandy.com
Matthew Bachmann,Matthew,Bachmann,Wandering Bear LLC,www.wanderingbearcoffee.com
Mark Oestreich,Mark,Oestreich,Duluth Pack,www.duluthpack.com
Chuck Casagrande,Chuck,Casagrande,SeaSucker,www.seasucker.com
Kirk Bray,Kirk,Bray,"Billykirk, Inc.",www.billykirk.com
Will Africano,Will,Africano,Gnarbox,www.gnarbox.com
Mohit Haresh Melwani,Mohit,Melwani,"Combatant Gentlemen, Inc.",www.combatgent.com
Keeley Tillotson,Keeley,Tillotson,Wild Friends Foods,www.wildfriendsfoods.com
Amber Hall,Amber,Hall,Equator Coffee Roasters,www.equator.ca
Kyle Berner,Kyle,Berner,"Feelgoodz, LLC",www.feelgoodz.com
Judy Walker,,,Tops Malibu Inc.,www.topsmalibu.com
